name,image_url,stat_value
Heung-min Son,https://img.a.transfermarkt.technology/portrait/header/91845-1669336455.jpg?lm=1,30000000
Hakan Çalhanoğlu,https://img.a.transfermarkt.technology/portrait/header/126414-1709035146.jpg?lm=1,35000000
Harry Kane,https://img.a.transfermarkt.technology/portrait/header/132098-1700211169.jpg?lm=1,90000000
Leandro Trossard,https://img.a.transfermarkt.technology/portrait/header/144028-1702412939.jpg?lm=1,30000000
Mohamed Salah,https://img.a.transfermarkt.technology/portrait/header/148455-1727337594.jpg?lm=1,55000000
Joshua Kimmich,https://img.a.transfermarkt.technology/portrait/header/161056-1700039639.jpg?lm=1,50000000
Nathan Aké,https://img.a.transfermarkt.technology/portrait/header/177476-1666733797.jpg?lm=1,32000000
Marquinhos,https://img.a.transfermarkt.technology/portrait/header/181767-1672303747.jpg?lm=1,40000000
John Stones,https://img.a.transfermarkt.technology/portrait/header/186590-1684764261.jpg?lm=1,30000000
Leroy Sané,https://img.a.transfermarkt.technology/portrait/header/192565-1694587968.jpg?lm=1,38000000
Alejandro Grimaldo,https://img.a.transfermarkt.technology/portrait/header/193082-1689710805.jpg?lm=1,40000000
Jonathan Tah,https://img.a.transfermarkt.technology/portrait/header/196357-1695367765.jpg?lm=1,30000000
Federico Dimarco,https://img.a.transfermarkt.technology/portrait/header/198116-1725531769.jpg?lm=1,60000000
Jack Grealish,https://img.a.transfermarkt.technology/portrait/header/203460-1676499047.jpg?lm=1,35000000
André Onana,https://img.a.transfermarkt.technology/portrait/header/234509-1686929812.jpg?lm=1,32000000
Bruno Fernandes,https://img.a.transfermarkt.technology/portrait/header/240306-1683882766.jpg?lm=1,55000000
Bernardo Silva,https://img.a.transfermarkt.technology/portrait/header/241641-1684311533.jpg?lm=1,45000000
Kingsley Coman,https://img.a.transfermarkt.technology/portrait/header/243714-1700040256.jpg?lm=1,35000000
Youri Tielemans,https://img.a.transfermarkt.technology/portrait/header/249565-1716886438.jpg?lm=1,35000000
Nicolò Barella,https://img.a.transfermarkt.technology/portrait/header/255942-1725531625.jpg?lm=1,80000000
João Palhinha,https://img.a.transfermarkt.technology/portrait/header/257455-1684773447.jpg?lm=1,40000000
Gregor Kobel,https://img.a.transfermarkt.technology/portrait/header/257814-1709559904.jpg?lm=1,40000000
Rúben Dias,https://img.a.transfermarkt.technology/portrait/header/258004-1684921271.jpg?lm=1,70000000
Dominic Solanke,https://img.a.transfermarkt.technology/portrait/header/258889-1708340487.jpg?lm=1,45000000
Marcus Rashford,https://img.a.transfermarkt.technology/portrait/header/258923-1674473054.jpg?lm=1,50000000
Joachim Andersen,https://img.a.transfermarkt.technology/portrait/header/260827-1668183482.jpg?lm=1,32000000
David Raya,https://img.a.transfermarkt.technology/portrait/header/262749-1668168018.jpg?lm=1,40000000
Serhou Guirassy,https://img.a.transfermarkt.technology/portrait/header/270541-1740041276.png?lm=1,40000000
Lucas Hernández,https://img.a.transfermarkt.technology/portrait/header/281963-1667830435.jpg?lm=1,30000000
Manuel Akanji,https://img.a.transfermarkt.technology/portrait/header/284730-1684165752.jpg?lm=1,32000000
Marc Cucurella,https://img.a.transfermarkt.technology/portrait/header/284857-1659559729.jpg?lm=1,30000000
Guglielmo Vicario,https://img.a.transfermarkt.technology/portrait/header/286047-1725874745.jpg?lm=1,35000000
Ousmane Dembélé,https://img.a.transfermarkt.technology/portrait/header/288230-1684148641.jpg?lm=1,75000000
Dani Olmo,https://img.a.transfermarkt.technology/portrait/header/293385-1711546268.jpg?lm=1,60000000
James Maddison,https://img.a.transfermarkt.technology/portrait/header/294057-1687982662.jpg?lm=1,50000000
Kai Havertz,https://img.a.transfermarkt.technology/portrait/header/309400-1683903902.jpg?lm=1,70000000
Trent Alexander-Arnold,https://img.a.transfermarkt.technology/portrait/header/314353-1701680958.jpg?lm=1,75000000
Brahim Díaz,https://img.a.transfermarkt.technology/portrait/header/314678-1744193327.jpg?lm=1,45000000
Jarrod Bowen,https://img.a.transfermarkt.technology/portrait/header/314875-1662362005.jpg?lm=1,45000000
Christian Pulisic,https://img.a.transfermarkt.technology/portrait/header/315779-1691696699.jpg?lm=1,50000000
Alessandro Bastoni,https://img.a.transfermarkt.technology/portrait/header/315853-1742497518.jpg?lm=1,80000000
Gianluigi Donnarumma,https://img.a.transfermarkt.technology/portrait/header/315858-1672304477.jpg?lm=1,35000000
Scott McTominay,https://img.a.transfermarkt.technology/portrait/header/315969-1718626681.jpg?lm=1,40000000
Martin Ødegaard,https://img.a.transfermarkt.technology/portrait/header/316264-1678877651.jpg?lm=1,100000000
Marcus Thuram,https://img.a.transfermarkt.technology/portrait/header/318528-1662966601.jpg?lm=1,75000000
Ollie Watkins,https://img.a.transfermarkt.technology/portrait/header/324358-1708341279.jpg?lm=1,50000000
Viktor Gyökeres,https://img.a.transfermarkt.technology/portrait/header/325443-1737581896.jpg?lm=1,75000000
Matthijs de Ligt,https://img.a.transfermarkt.technology/portrait/header/326031-1700659567.jpg?lm=1,40000000
Frenkie de Jong,https://img.a.transfermarkt.technology/portrait/header/326330-1656499973.png?lm=1,45000000
Justin Kluivert,https://img.a.transfermarkt.technology/portrait/header/330659-1596107153.jpg?lm=1,35000000
Joelinton,https://img.a.transfermarkt.technology/portrait/header/333241-1674210135.jpg?lm=1,40000000
Jonathan Burkardt,https://img.a.transfermarkt.technology/portrait/header/333647-1698840239.jpg?lm=1,35000000
Denis Zakaria,https://img.a.transfermarkt.technology/portrait/header/334526-1667990520.jpg?lm=1,30000000
Ben White,https://img.a.transfermarkt.technology/portrait/header/335721-1683275943.jpg?lm=1,50000000
Mikel Merino,https://img.a.transfermarkt.technology/portrait/header/338424-1716803831.jpg?lm=1,35000000
Theo Hernández,https://img.a.transfermarkt.technology/portrait/header/339808-1725532072.jpg?lm=1,40000000
Noussair Mazraoui,https://img.a.transfermarkt.technology/portrait/header/340456-1700207898.jpg?lm=1,32000000
Diogo Jota,https://img.a.transfermarkt.technology/portrait/header/340950-1716296423.jpg?lm=1,45000000
Kylian Mbappé,https://img.a.transfermarkt.technology/portrait/header/342229-1682683695.jpg?lm=1,170000000
Artem Dovbyk,https://img.a.transfermarkt.technology/portrait/header/343537-1719215184.jpg?lm=1,30000000
Christopher Nkunku,https://img.a.transfermarkt.technology/portrait/header/344381-1663686834.jpg?lm=1,45000000
Dayot Upamecano,https://img.a.transfermarkt.technology/portrait/header/344695-1701245272.jpg?lm=1,50000000
Alexander Isak,https://img.a.transfermarkt.technology/portrait/header/349066-1680791339.jpg?lm=1,100000000
Pervis Estupiñán,https://img.a.transfermarkt.technology/portrait/header/349599-1668498118.jpg?lm=1,30000000
Antonee Robinson,https://img.a.transfermarkt.technology/portrait/header/349701-1703926612.jpg?lm=1,35000000
Fabián Ruiz,https://img.a.transfermarkt.technology/portrait/header/350219-1718958379.jpg?lm=1,35000000
Mikel Oyarzabal,https://img.a.transfermarkt.technology/portrait/header/351478-1599987229.jpg?lm=1,30000000
Robin Le Normand,https://img.a.transfermarkt.technology/portrait/header/351809-1707948228.jpg?lm=1,40000000
Benjamin Pavard,https://img.a.transfermarkt.technology/portrait/header/353366-1713819215.jpg?lm=1,30000000
Hiroki Ito,https://img.a.transfermarkt.technology/portrait/header/353892-1657181215.jpg?lm=1,30000000
Rodrigo Bentancur,https://img.a.transfermarkt.technology/portrait/header/354362-1740605779.jpg?lm=1,30000000
Cristian Romero,https://img.a.transfermarkt.technology/portrait/header/355915-1665609429.jpg?lm=1,55000000
Ibrahima Konaté,https://img.a.transfermarkt.technology/portrait/header/357119-1669190550.jpg?lm=1,60000000
Diogo Dalot,https://img.a.transfermarkt.technology/portrait/header/357147-1727785546.jpg?lm=1,35000000
Diogo Costa,https://img.a.transfermarkt.technology/portrait/header/357153-1716296015.jpg?lm=1,38000000
Rafael Leão,https://img.a.transfermarkt.technology/portrait/header/357164-1730126553.jpg?lm=1,75000000
Dušan Vlahović,https://img.a.transfermarkt.technology/portrait/header/357498-1683293071.jpg?lm=1,45000000
Rodri,https://img.a.transfermarkt.technology/portrait/header/357565-1682587890.jpg?lm=1,130000000
Declan Rice,https://img.a.transfermarkt.technology/portrait/header/357662-1687962936.jpg?lm=1,110000000
Teun Koopmeiners,https://img.a.transfermarkt.technology/portrait/header/360518-1707302998.jpg?lm=1,40000000
Sven Botman,https://img.a.transfermarkt.technology/portrait/header/361093-1683290679.jpg?lm=1,45000000
Gabriel Jesus,https://img.a.transfermarkt.technology/portrait/header/363205-1669711141.jpg?lm=1,40000000
Moise Kean,https://img.a.transfermarkt.technology/portrait/header/364135-1725532147.jpg?lm=1,40000000
Loïs Openda,https://img.a.transfermarkt.technology/portrait/header/368887-1713944805.jpg?lm=1,60000000
Federico Valverde,https://img.a.transfermarkt.technology/portrait/header/369081-1731018042.jpg?lm=1,130000000
Ferdi Kadıoğlu,https://img.a.transfermarkt.technology/portrait/header/369316-1724792538.jpg?lm=1,30000000
Vinicius Junior,https://img.a.transfermarkt.technology/portrait/header/371998-1664869583.jpg?lm=1,200000000
Alessandro Buongiorno,https://img.a.transfermarkt.technology/portrait/header/386446-1663596475.jpg?lm=1,45000000
Leon Bailey,https://img.a.transfermarkt.technology/portrait/header/387626-1694712703.jpg?lm=1,32000000
Yoane Wissa,https://img.a.transfermarkt.technology/portrait/header/388165-1740646948.jpg?lm=1,30000000
Nico Schlotterbeck,https://img.a.transfermarkt.technology/portrait/header/388198-1709560457.jpg?lm=1,40000000
Marc Guéhi,https://img.a.transfermarkt.technology/portrait/header/392757-1683030598.jpg?lm=1,45000000
Emile Smith Rowe,https://img.a.transfermarkt.technology/portrait/header/392765-1684164628.jpg?lm=1,32000000
Davide Frattesi,https://img.a.transfermarkt.technology/portrait/header/394300-1730126974.jpg?lm=1,32000000
Boubacar Kamara,https://img.a.transfermarkt.technology/portrait/header/394327-1736160460.jpg?lm=1,38000000
Sandro Tonali,https://img.a.transfermarkt.technology/portrait/header/397033-1688389270.jpg?lm=1,45000000
Harvey Barnes,https://img.a.transfermarkt.technology/portrait/header/398065-1700650664.jpg?lm=1,30000000
Achraf Hakimi,https://img.a.transfermarkt.technology/portrait/header/398073-1672304327.jpg?lm=1,65000000
Pau Torres,https://img.a.transfermarkt.technology/portrait/header/399776-1691079911.jpg?lm=1,40000000
Jadon Sancho,https://img.a.transfermarkt.technology/portrait/header/401173-1688564217.jpg?lm=1,30000000
Edson Álvarez,https://img.a.transfermarkt.technology/portrait/header/401356-1742822886.jpg?lm=1,30000000
Éder Militão,https://img.a.transfermarkt.technology/portrait/header/401530-1719653438.jpg?lm=1,40000000
Exequiel Palacios,https://img.a.transfermarkt.technology/portrait/header/401578-1695368200.jpg?lm=1,40000000
Victor Osimhen,https://img.a.transfermarkt.technology/portrait/header/401923-1737730981.jpg?lm=1,70000000
Dávid Hancko,https://img.a.transfermarkt.technology/portrait/header/404418-1722415670.jpg?lm=1,32000000
Takefusa Kubo,https://img.a.transfermarkt.technology/portrait/header/405398-1697110254.jpg?lm=1,40000000
Ademola Lookman,https://img.a.transfermarkt.technology/portrait/header/406040-1682076571.jpg?lm=1,60000000
Lautaro Martínez,https://img.a.transfermarkt.technology/portrait/header/406625-1695024988.jpg?lm=1,95000000
Phil Foden,https://img.a.transfermarkt.technology/portrait/header/406635-1668524492.jpg?lm=1,130000000
Raphinha,https://img.a.transfermarkt.technology/portrait/header/411295-1729754479.png?lm=1,80000000
Jules Koundé,https://img.a.transfermarkt.technology/portrait/header/411975-1702502639.jpg?lm=1,60000000
Rodrygo,https://img.a.transfermarkt.technology/portrait/header/412363-1693988167.jpg?lm=1,100000000
Trincão,https://img.a.transfermarkt.technology/portrait/header/412669-1739308729.jpg?lm=1,30000000
Bryan Mbeumo,https://img.a.transfermarkt.technology/portrait/header/413039-1668505084.jpg?lm=1,50000000
Aurélien Tchouaméni,https://img.a.transfermarkt.technology/portrait/header/413112-1668500754.jpg?lm=1,80000000
Ezri Konsa,https://img.a.transfermarkt.technology/portrait/header/413403-1700651779.jpg?lm=1,35000000
Erling Haaland,https://img.a.transfermarkt.technology/portrait/header/418560-1709108116.png?lm=1,200000000
Jean-Philippe Mateta,https://img.a.transfermarkt.technology/portrait/header/420002-1723202650.jpg?lm=1,30000000
Quinten Timber,https://img.a.transfermarkt.technology/portrait/header/420213-1673870004.jpg?lm=1,32000000
Jurrien Timber,https://img.a.transfermarkt.technology/portrait/header/420243-1702413077.jpg?lm=1,50000000
Martín Zubimendi,https://img.a.transfermarkt.technology/portrait/header/423440-1684149419.jpg?lm=1,60000000
Alphonso Davies,https://img.a.transfermarkt.technology/portrait/header/424204-1711745534.jpg?lm=1,50000000
Pedro Gonçalves,https://img.a.transfermarkt.technology/portrait/header/426620-1602774745.jpg?lm=1,30000000
Morgan Gibbs-White,https://img.a.transfermarkt.technology/portrait/header/429014-1687975822.jpg?lm=1,50000000
Dejan Kulusevski,https://img.a.transfermarkt.technology/portrait/header/431755-1684943454.jpg?lm=1,60000000
Bukayo Saka,https://img.a.transfermarkt.technology/portrait/header/433177-1684155052.jpg?lm=1,150000000
Curtis Jones,https://img.a.transfermarkt.technology/portrait/header/433188-1701681163.jpg?lm=1,50000000
Cody Gakpo,https://img.a.transfermarkt.technology/portrait/header/434675-1682690965.jpg?lm=1,70000000
Gabriel Magalhães,https://img.a.transfermarkt.technology/portrait/header/435338-1684162833.jpg?lm=1,75000000
Joshua Zirkzee,https://img.a.transfermarkt.technology/portrait/header/435648-1651087961.jpg?lm=1,35000000
Charles De Ketelaere,https://img.a.transfermarkt.technology/portrait/header/435772-1659601388.jpg?lm=1,38000000
Yann Bisseck,https://img.a.transfermarkt.technology/portrait/header/441986-1742497863.jpg?lm=1,30000000
Angelo Stiller,https://img.a.transfermarkt.technology/portrait/header/443710-1723707618.jpg?lm=1,38000000
Lucas Paquetá,https://img.a.transfermarkt.technology/portrait/header/444523-1695370009.jpg?lm=1,35000000
Omar Marmoush,https://img.a.transfermarkt.technology/portrait/header/445939-1696508916.jpg?lm=1,75000000
Douglas Luiz,https://img.a.transfermarkt.technology/portrait/header/447661-1696598670.jpg?lm=1,38000000
Dominik Szoboszlai,https://img.a.transfermarkt.technology/portrait/header/451276-1700209677.jpg?lm=1,80000000
Andrea Cambiaso,https://img.a.transfermarkt.technology/portrait/header/459658-1662127057.jpg?lm=1,40000000
Tijjani Reijnders,https://img.a.transfermarkt.technology/portrait/header/460939-1676466080.jpg?lm=1,50000000
Morten Hjulmand,https://img.a.transfermarkt.technology/portrait/header/461496-1725633200.jpg?lm=1,45000000
Lucas Chevalier,https://img.a.transfermarkt.technology/portrait/header/463600-1708342501.jpg?lm=1,30000000
Khéphren Thuram,https://img.a.transfermarkt.technology/portrait/header/463618-1683889273.jpg?lm=1,40000000
Mattéo Guendouzi,https://img.a.transfermarkt.technology/portrait/header/465830-1730125468.jpg?lm=1,32000000
Nico González,https://img.a.transfermarkt.technology/portrait/header/466805-1743669968.jpg?lm=1,40000000
Malik Tillman,https://img.a.transfermarkt.technology/portrait/header/467437-1726846425.jpg?lm=1,30000000
Samuele Ricci,https://img.a.transfermarkt.technology/portrait/header/467992-1730125512.jpg?lm=1,30000000
David Neres,https://img.a.transfermarkt.technology/portrait/header/469822-1701334470.jpg?lm=1,30000000
Brennan Johnson,https://img.a.transfermarkt.technology/portrait/header/470607-1692959021.jpg?lm=1,50000000
Reece James,https://img.a.transfermarkt.technology/portrait/header/472423-1683900849.jpg?lm=1,30000000
Josko Gvardiol,https://img.a.transfermarkt.technology/portrait/header/475959-1713391602.jpg?lm=1,75000000
Manuel Ugarte,https://img.a.transfermarkt.technology/portrait/header/476701-1715107512.jpg?lm=1,50000000
Ryan Gravenberch,https://img.a.transfermarkt.technology/portrait/header/478573-1718097194.jpg?lm=1,70000000
Eberechi Eze,https://img.a.transfermarkt.technology/portrait/header/479999-1678466922.jpg?lm=1,55000000
Ronald Araujo,https://img.a.transfermarkt.technology/portrait/header/480267-1736431980.jpg?lm=1,50000000
Luis Díaz,https://img.a.transfermarkt.technology/portrait/header/480692-1697903145.jpg?lm=1,85000000
Lisandro Martínez,https://img.a.transfermarkt.technology/portrait/header/480762-1680681507.jpg?lm=1,45000000
Jeremie Frimpong,https://img.a.transfermarkt.technology/portrait/header/484547-1689710682.jpg?lm=1,50000000
Amadou Onana,https://img.a.transfermarkt.technology/portrait/header/485706-1718697649.jpg?lm=1,55000000
Jérémy Doku,https://img.a.transfermarkt.technology/portrait/header/486049-1743670159.jpg?lm=1,55000000
Pedro Neto,https://img.a.transfermarkt.technology/portrait/header/487465-1709158892.jpg?lm=1,50000000
Vitinha,https://img.a.transfermarkt.technology/portrait/header/487469-1672303629.jpg?lm=1,60000000
Francisco Conceição,https://img.a.transfermarkt.technology/portrait/header/487474-1713948689.png?lm=1,36000000
Randal Kolo Muani,https://img.a.transfermarkt.technology/portrait/header/487969-1718697120.jpg?lm=1,30000000
Conor Gallagher,https://img.a.transfermarkt.technology/portrait/header/488362-1668500476.jpg?lm=1,40000000
William Saliba,https://img.a.transfermarkt.technology/portrait/header/495666-1718697201.jpg?lm=1,80000000
Karim Adeyemi,https://img.a.transfermarkt.technology/portrait/header/496094-1712859708.jpg?lm=1,40000000
Khvicha Kvaratskhelia,https://img.a.transfermarkt.technology/portrait/header/502670-1708553120.jpg?lm=1,80000000
Giorgi Mamardashvili,https://img.a.transfermarkt.technology/portrait/header/502676-1716542116.jpg?lm=1,30000000
Riccardo Calafiori,https://img.a.transfermarkt.technology/portrait/header/502821-1727382174.jpg?lm=1,40000000
Isak Hien,https://img.a.transfermarkt.technology/portrait/header/503075-1725531359.jpg?lm=1,30000000
Min-jae Kim,https://img.a.transfermarkt.technology/portrait/header/503482-1700208062.jpg?lm=1,45000000
Anthony Gordon,https://img.a.transfermarkt.technology/portrait/header/503733-1660588736.jpg?lm=1,65000000
Morgan Rogers,https://img.a.transfermarkt.technology/portrait/header/503743-1706786450.jpg?lm=1,50000000
Jacob Ramsey,https://img.a.transfermarkt.technology/portrait/header/503749-1687975464.jpg?lm=1,32000000
Tino Livramento,https://img.a.transfermarkt.technology/portrait/header/503981-1699383321.jpg?lm=1,35000000
Noni Madueke,https://img.a.transfermarkt.technology/portrait/header/503987-1683102348.jpg?lm=1,40000000
Tomás Araújo,https://img.a.transfermarkt.technology/portrait/header/504087-1737497771.jpg?lm=1,32000000
Kaoru Mitoma,https://img.a.transfermarkt.technology/portrait/header/504849-1731683095.jpg?lm=1,45000000
Bremer,https://img.a.transfermarkt.technology/portrait/header/516716-1725531520.jpg?lm=1,50000000
Matheus Cunha,https://img.a.transfermarkt.technology/portrait/header/517894-1696599737.jpg?lm=1,55000000
Bruno Guimarães,https://img.a.transfermarkt.technology/portrait/header/520624-1668522672.jpg?lm=1,80000000
Dani Vivian,https://img.a.transfermarkt.technology/portrait/header/524000-1709674998.png?lm=1,40000000
Maximilian Kilman,https://img.a.transfermarkt.technology/portrait/header/525247-1688370291.jpg?lm=1,30000000
Mason Greenwood,https://img.a.transfermarkt.technology/portrait/header/532826-1693987766.jpg?lm=1,35000000
Jonathan David,https://img.a.transfermarkt.technology/portrait/header/533738-1666690584.jpg?lm=1,45000000
Alexis Mac Allister,https://img.a.transfermarkt.technology/portrait/header/534033-1669835342.jpg?lm=1,90000000
Amad Diallo,https://img.a.transfermarkt.technology/portrait/header/536835-1694616776.jpg?lm=1,40000000
Mykhaylo Mudryk,https://img.a.transfermarkt.technology/portrait/header/537860-1732822624.jpg?lm=1,30000000
Georginio Rutter,https://img.a.transfermarkt.technology/portrait/header/538977-1727785742.jpg?lm=1,32000000
Cheick Doucouré,https://img.a.transfermarkt.technology/portrait/header/543387-1693826399.jpg?lm=1,30000000
Mohammed Kudus,https://img.a.transfermarkt.technology/portrait/header/543499-1668429218.jpg?lm=1,50000000
Darwin Núñez,https://img.a.transfermarkt.technology/portrait/header/546543-1681827179.jpg?lm=1,50000000
Álex Baena,https://img.a.transfermarkt.technology/portrait/header/548111-1714487266.jpg?lm=1,50000000
Gonçalo Inácio,https://img.a.transfermarkt.technology/portrait/header/549006-1716296254.jpg?lm=1,45000000
Gonçalo Ramos,https://img.a.transfermarkt.technology/portrait/header/550550-1681906158.jpg?lm=1,45000000
Santiago Gimenez,https://img.a.transfermarkt.technology/portrait/header/552955-1739903736.jpg?lm=1,37000000
Pedro Porro,https://img.a.transfermarkt.technology/portrait/header/553875-1730812390.jpg?lm=1,45000000
Mateo Retegui,https://img.a.transfermarkt.technology/portrait/header/554903-1681311414.jpg?lm=1,45000000
Destiny Udogie,https://img.a.transfermarkt.technology/portrait/header/556385-1697208468.jpg?lm=1,45000000
Kang-in Lee,https://img.a.transfermarkt.technology/portrait/header/557149-1703978046.jpg?lm=1,30000000
Micky van de Ven,https://img.a.transfermarkt.technology/portrait/header/557459-1744313600.jpg?lm=1,55000000
Edmond Tapsoba,https://img.a.transfermarkt.technology/portrait/header/564545-1695368009.jpg?lm=1,40000000
Johan Bakayoko,https://img.a.transfermarkt.technology/portrait/header/565424-1697637209.jpg?lm=1,35000000
Harvey Elliott,https://img.a.transfermarkt.technology/portrait/header/565822-1665128076.jpg?lm=1,35000000
Michael Olise,https://img.a.transfermarkt.technology/portrait/header/566723-1725873883.jpg?lm=1,80000000
Xavi Simons,https://img.a.transfermarkt.technology/portrait/header/566931-1729778226.jpg?lm=1,70000000
Elliot Anderson,https://img.a.transfermarkt.technology/portrait/header/567576-1696453772.jpg?lm=1,30000000
Yéremy Pino,https://img.a.transfermarkt.technology/portrait/header/568157-1686664370.jpg?lm=1,30000000
Cole Palmer,https://img.a.transfermarkt.technology/portrait/header/568177-1712320986.jpg?lm=1,130000000
Pape Matar Sarr,https://img.a.transfermarkt.technology/portrait/header/568693-1668163083.jpg?lm=1,40000000
Enzo Millot,https://img.a.transfermarkt.technology/portrait/header/569366-1723707547.jpg?lm=1,35000000
Youssouf Fofana,https://img.a.transfermarkt.technology/portrait/header/569598-1725528517.jpg?lm=1,30000000
Oihan Sancet,https://img.a.transfermarkt.technology/portrait/header/571020-1709676037.png?lm=1,60000000
Giorgio Scalvini,https://img.a.transfermarkt.technology/portrait/header/571604-1701860841.jpg?lm=1,35000000
Julián Alvarez,https://img.a.transfermarkt.technology/portrait/header/576024-1684920938.jpg?lm=1,90000000
Jan Paul van Hecke,https://img.a.transfermarkt.technology/portrait/header/576314-1742501220.jpg?lm=1,32000000
Rayan Aït-Nouri,https://img.a.transfermarkt.technology/portrait/header/578391-1695656762.jpg?lm=1,35000000
Jamal Musiala,https://img.a.transfermarkt.technology/portrait/header/580195-1711745441.jpg?lm=1,140000000
Jude Bellingham,https://img.a.transfermarkt.technology/portrait/header/581678-1693987944.jpg?lm=1,180000000
Anthony Elanga,https://img.a.transfermarkt.technology/portrait/header/583189-1700739021.jpg?lm=1,35000000
Antoine Semenyo,https://img.a.transfermarkt.technology/portrait/header/583255-1737452028.jpg?lm=1,35000000
Florian Wirtz,https://img.a.transfermarkt.technology/portrait/header/598577-1689710503.jpg?lm=1,140000000
Matheus Nunes,https://img.a.transfermarkt.technology/portrait/header/601883-1693561106.jpg?lm=1,35000000
Rayan Cherki,https://img.a.transfermarkt.technology/portrait/header/607223-1672831487.jpg?lm=1,35000000
Éderson,https://img.a.transfermarkt.technology/portrait/header/607854-1646648856.jpg?lm=1,50000000
Rasmus Højlund,https://img.a.transfermarkt.technology/portrait/header/610442-1699471458.jpg?lm=1,45000000
Liam Delap,https://img.a.transfermarkt.technology/portrait/header/610849-1601282009.jpg?lm=1,35000000
Levi Colwill,https://img.a.transfermarkt.technology/portrait/header/614258-1694614507.jpg?lm=1,55000000
Nuno Mendes,https://img.a.transfermarkt.technology/portrait/header/616341-1672304855.jpg?lm=1,55000000
Castello Lukeba,https://img.a.transfermarkt.technology/portrait/header/618472-1713897532.jpg?lm=1,50000000
Malo Gusto,https://img.a.transfermarkt.technology/portrait/header/620322-1672831209.jpg?lm=1,35000000
Georgiy Sudakov,https://img.a.transfermarkt.technology/portrait/header/623325-1723486618.png?lm=1,32000000
Manu Koné,https://img.a.transfermarkt.technology/portrait/header/624690-1691248968.jpg?lm=1,35000000
João Pedro,https://img.a.transfermarkt.technology/portrait/header/626724-1724792744.jpg?lm=1,50000000
Benjamin Sesko,https://img.a.transfermarkt.technology/portrait/header/627442-1713897956.jpg?lm=1,65000000
Roméo Lavia,https://img.a.transfermarkt.technology/portrait/header/628451-1683898478.jpg?lm=1,40000000
Alejandro Balde,https://img.a.transfermarkt.technology/portrait/header/636688-1662836200.jpg?lm=1,60000000
Marc Casadó,https://img.a.transfermarkt.technology/portrait/header/636695-1729771427.jpg?lm=1,30000000
Fermín López,https://img.a.transfermarkt.technology/portrait/header/636703-1698086824.jpg?lm=1,50000000
Eduardo Camavinga,https://img.a.transfermarkt.technology/portrait/header/640428-1668500874.jpg?lm=1,70000000
Gavi,https://img.a.transfermarkt.technology/portrait/header/646740-1682685701.jpg?lm=1,70000000
Cristhian Mosquera,https://img.a.transfermarkt.technology/portrait/header/646750-1644238478.jpg?lm=1,30000000
Evan Ferguson,https://img.a.transfermarkt.technology/portrait/header/648046-1681739980.jpg?lm=1,32000000
Enzo Fernández,https://img.a.transfermarkt.technology/portrait/header/648195-1669894717.jpg?lm=1,75000000
António Silva,https://img.a.transfermarkt.technology/portrait/header/650568-1700235534.jpg?lm=1,32000000
Bilal El Khannouss,https://img.a.transfermarkt.technology/portrait/header/654982-1714038053.png?lm=1,30000000
Gabriel Martinelli,https://img.a.transfermarkt.technology/portrait/header/655488-1682689091.jpg?lm=1,55000000
Victor Boniface,https://img.a.transfermarkt.technology/portrait/header/656681-1727378262.jpg?lm=1,45000000
Simon Adingra,https://img.a.transfermarkt.technology/portrait/header/658536-1666292606.jpg?lm=1,30000000
Ilya Zabarnyi,https://img.a.transfermarkt.technology/portrait/header/659089-1715881375.jpg?lm=1,40000000
Piero Hincapié,https://img.a.transfermarkt.technology/portrait/header/659813-1727377918.jpg?lm=1,50000000
Jarrad Branthwaite,https://img.a.transfermarkt.technology/portrait/header/661053-1687975679.jpg?lm=1,50000000
Willian Pacho,https://img.a.transfermarkt.technology/portrait/header/661171-1696508666.jpg?lm=1,45000000
João Neves,https://img.a.transfermarkt.technology/portrait/header/670681-1701295511.jpg?lm=1,65000000
Lewis Hall,https://img.a.transfermarkt.technology/portrait/header/670858-1699385942.jpg?lm=1,30000000
Jamie Gittens,https://img.a.transfermarkt.technology/portrait/header/670882-1736780080.jpg?lm=1,50000000
Pedri,https://img.a.transfermarkt.technology/portrait/header/683840-1744278342.jpg?lm=1,120000000
Moisés Caicedo,https://img.a.transfermarkt.technology/portrait/header/687626-1660729724.jpg?lm=1,80000000
Rico Lewis,https://img.a.transfermarkt.technology/portrait/header/701057-1684856684.jpg?lm=1,40000000
Bradley Barcola,https://img.a.transfermarkt.technology/portrait/header/708265-1653406915.jpg?lm=1,70000000
Nico Williams,https://img.a.transfermarkt.technology/portrait/header/709187-1709676169.png?lm=1,70000000
Hugo Ekitiké,https://img.a.transfermarkt.technology/portrait/header/709726-1724772213.jpg?lm=1,55000000
Evanilson,https://img.a.transfermarkt.technology/portrait/header/711337-1737452098.jpg?lm=1,35000000
Loïc Badé,https://img.a.transfermarkt.technology/portrait/header/730581-1681464974.jpg?lm=1,30000000
Milos Kerkez,https://img.a.transfermarkt.technology/portrait/header/730861-1660762995.jpg?lm=1,35000000
João Gomes,https://img.a.transfermarkt.technology/portrait/header/735570-1675092223.jpg?lm=1,40000000
Savinho,https://img.a.transfermarkt.technology/portrait/header/743591-1719653229.jpg?lm=1,55000000
Adam Wharton,https://img.a.transfermarkt.technology/portrait/header/744149-1716297290.jpg?lm=1,35000000
Maghnes Akliouche,https://img.a.transfermarkt.technology/portrait/header/745200-1717406573.jpg?lm=1,40000000
Mohamed Amoura,https://img.a.transfermarkt.technology/portrait/header/746910-1724771303.jpg?lm=1,32000000
Alan Varela,https://img.a.transfermarkt.technology/portrait/header/756990-1693590239.png?lm=1,35000000
Abdukodir Khusanov,https://img.a.transfermarkt.technology/portrait/header/763079-1740493347.jpg?lm=1,35000000
Pablo Barrios,https://img.a.transfermarkt.technology/portrait/header/775605-1699431384.jpg?lm=1,50000000
Nicolas Jackson,https://img.a.transfermarkt.technology/portrait/header/776890-1726227971.jpg?lm=1,55000000
Aleksandar Pavlovic,https://img.a.transfermarkt.technology/portrait/header/792380-1727098078.jpg?lm=1,50000000
Mathys Tel,https://img.a.transfermarkt.technology/portrait/header/801734-1700040486.jpg?lm=1,40000000
Warren Zaïre-Emery,https://img.a.transfermarkt.technology/portrait/header/810092-1672303575.jpg?lm=1,60000000
Eliesse Ben Seghir,https://img.a.transfermarkt.technology/portrait/header/810895-1682691420.jpg?lm=1,30000000
Alejandro Garnacho,https://img.a.transfermarkt.technology/portrait/header/811779-1703629085.jpg?lm=1,45000000
Kobbie Mainoo,https://img.a.transfermarkt.technology/portrait/header/820374-1719349758.jpg?lm=1,55000000
Kenan Yıldız,https://img.a.transfermarkt.technology/portrait/header/845654-1700467996.png?lm=1,45000000
Santiago Castro,https://img.a.transfermarkt.technology/portrait/header/849520-1724827267.jpg?lm=1,35000000
Arda Güler,https://img.a.transfermarkt.technology/portrait/header/861410-1699472585.jpg?lm=1,45000000
Dean Huijsen,https://img.a.transfermarkt.technology/portrait/header/890290-1740065734.jpg?lm=1,42000000
Ethan Nwaneri,https://img.a.transfermarkt.technology/portrait/header/890719-1730794927.jpg?lm=1,55000000
Jorrel Hato,https://img.a.transfermarkt.technology/portrait/header/904802-1701361717.jpg?lm=1,30000000
Désiré Doué,https://img.a.transfermarkt.technology/portrait/header/914562-1667317075.jpg?lm=1,60000000
Archie Gray,https://img.a.transfermarkt.technology/portrait/header/922693-1695108880.jpg?lm=1,35000000
Leny Yoro,https://img.a.transfermarkt.technology/portrait/header/923831-1701768506.jpg?lm=1,55000000
Hugo Larsson,https://img.a.transfermarkt.technology/portrait/header/931838-1696509259.jpg?lm=1,40000000
Raúl Asencio,https://img.a.transfermarkt.technology/portrait/header/935245-1731168094.jpg?lm=1,30000000
Lamine Yamal,https://img.a.transfermarkt.technology/portrait/header/937958-1720606123.jpg?lm=1,180000000
Nico Paz,https://img.a.transfermarkt.technology/portrait/header/948294-1699472504.jpg?lm=1,35000000
Pau Cubarsí,https://img.a.transfermarkt.technology/portrait/header/962110-1712779232.jpg?lm=1,70000000
Endrick,https://img.a.transfermarkt.technology/portrait/header/971570-1723665994.jpg?lm=1,40000000
Carlos Baleba,https://img.a.transfermarkt.technology/portrait/header/973085-1666690662.jpg?lm=1,35000000
Ousmane Diomande,https://img.a.transfermarkt.technology/portrait/header/974982-1676898824.jpg?lm=1,40000000
Samu Aghehowa,https://img.a.transfermarkt.technology/portrait/header/991268-1732829288.jpg?lm=1,50000000
Vitor Reis,https://img.a.transfermarkt.technology/portrait/header/1005575-1680449774.jpg?lm=1,30000000
Murillo,https://img.a.transfermarkt.technology/portrait/header/1005649-1709159139.jpg?lm=1,55000000
Yankuba Minteh,https://img.a.transfermarkt.technology/portrait/header/1012534-1694774813.jpg?lm=1,30000000
Ayyoub Bouaddi,https://img.a.transfermarkt.technology/portrait/header/1097139-1741119960.jpg?lm=1,30000000
Geovany Quenda,https://img.a.transfermarkt.technology/portrait/header/1138758-1730207849.jpg?lm=1,45000000
